{
   " ": {
      "width": 0.36, 
      "height": 0.1
   }, 
   "\u20ac": {
      "width": 0.6649999999999999, 
      "height": 0.84
   }, 
   "\u017d": {
      "width": 0.771, 
      "height": 1.04
   }, 
   "!": {
      "width": 0.495, 
      "height": 0.83
   }, 
   "\"": {
      "width": 0.612, 
      "height": 0.82
   }, 
   "#": {
      "width": 0.66, 
      "height": 0.82
   }, 
   "$": {
      "width": 0.659, 
      "height": 0.94
   }, 
   "%": {
      "width": 0.996, 
      "height": 0.84
   }, 
   "&": {
      "width": 0.901, 
      "height": 0.84
   }, 
   "'": {
      "width": 0.394, 
      "height": 0.82
   }, 
   "(": {
      "width": 0.507, 
      "height": 1.02
   }, 
   ")": {
      "width": 0.505, 
      "height": 1.02
   }, 
   "*": {
      "width": 0.718, 
      "height": 0.87
   }, 
   "+": {
      "width": 0.659, 
      "height": 0.6799999999999999
   }, 
   ",": {
      "width": 0.406, 
      "height": 0.42000000000000004
   }, 
   "-": {
      "width": 0.41000000000000003, 
      "height": 0.43000000000000005
   }, 
   ".": {
      "width": 0.404, 
      "height": 0.27
   }, 
   "/": {
      "width": 0.41100000000000003, 
      "height": 0.99
   }, 
   "0": {
      "width": 0.66, 
      "height": 0.85
   }, 
   "1": {
      "width": 0.659, 
      "height": 0.82
   }, 
   "2": {
      "width": 0.662, 
      "height": 0.83
   }, 
   "3": {
      "width": 0.66, 
      "height": 0.84
   }, 
   "4": {
      "width": 0.659, 
      "height": 0.82
   }, 
   "5": {
      "width": 0.66, 
      "height": 0.83
   }, 
   "6": {
      "width": 0.662, 
      "height": 0.84
   }, 
   "7": {
      "width": 0.6649999999999999, 
      "height": 0.82
   }, 
   "8": {
      "width": 0.66, 
      "height": 0.84
   }, 
   "9": {
      "width": 0.659, 
      "height": 0.84
   }, 
   ":": {
      "width": 0.45799999999999996, 
      "height": 0.66
   }, 
   ";": {
      "width": 0.45999999999999996, 
      "height": 0.8099999999999999
   }, 
   "<": {
      "width": 0.659, 
      "height": 0.72
   }, 
   "=": {
      "width": 0.659, 
      "height": 0.59
   }, 
   ">": {
      "width": 0.659, 
      "height": 0.72
   }, 
   "?": {
      "width": 0.637, 
      "height": 0.84
   }, 
   "@": {
      "width": 1.0210000000000001, 
      "height": 0.97
   }, 
   "A": {
      "width": 0.858, 
      "height": 0.82
   }, 
   "B": {
      "width": 0.776, 
      "height": 0.82
   }, 
   "C": {
      "width": 0.772, 
      "height": 0.84
   }, 
   "D": {
      "width": 0.871, 
      "height": 0.82
   }, 
   "E": {
      "width": 0.74, 
      "height": 0.82
   }, 
   "F": {
      "width": 0.73, 
      "height": 0.82
   }, 
   "G": {
      "width": 0.896, 
      "height": 0.84
   }, 
   "H": {
      "width": 0.9289999999999999, 
      "height": 0.82
   }, 
   "I": {
      "width": 0.512, 
      "height": 0.82
   }, 
   "J": {
      "width": 0.525, 
      "height": 1.06
   }, 
   "K": {
      "width": 0.851, 
      "height": 0.82
   }, 
   "L": {
      "width": 0.757, 
      "height": 0.82
   }, 
   "M": {
      "width": 1.063, 
      "height": 0.82
   }, 
   "N": {
      "width": 0.899, 
      "height": 0.82
   }, 
   "O": {
      "width": 0.892, 
      "height": 0.85
   }, 
   "P": {
      "width": 0.767, 
      "height": 0.82
   }, 
   "Q": {
      "width": 0.887, 
      "height": 1.07
   }, 
   "R": {
      "width": 0.8099999999999999, 
      "height": 0.82
   }, 
   "S": {
      "width": 0.6869999999999999, 
      "height": 0.84
   }, 
   "T": {
      "width": 0.762, 
      "height": 0.82
   }, 
   "U": {
      "width": 0.855, 
      "height": 0.83
   }, 
   "V": {
      "width": 0.8079999999999999, 
      "height": 0.82
   }, 
   "W": {
      "width": 1.177, 
      "height": 0.82
   }, 
   "X": {
      "width": 0.844, 
      "height": 0.82
   }, 
   "Y": {
      "width": 0.8039999999999999, 
      "height": 0.82
   }, 
   "Z": {
      "width": 0.771, 
      "height": 0.82
   }, 
   "[": {
      "width": 0.522, 
      "height": 0.99
   }, 
   "\\": {
      "width": 0.388, 
      "height": 0.99
   }, 
   "]": {
      "width": 0.521, 
      "height": 0.99
   }, 
   "^": {
      "width": 0.659, 
      "height": 0.82
   }, 
   "_": {
      "width": 0.569, 
      "height": 0.25
   }, 
   "`": {
      "width": 0.43800000000000006, 
      "height": 0.87
   }, 
   "a": {
      "width": 0.765, 
      "height": 0.66
   }, 
   "b": {
      "width": 0.723, 
      "height": 0.87
   }, 
   "c": {
      "width": 0.628, 
      "height": 0.66
   }, 
   "d": {
      "width": 0.765, 
      "height": 0.87
   }, 
   "e": {
      "width": 0.635, 
      "height": 0.66
   }, 
   "f": {
      "width": 0.495, 
      "height": 1.11
   }, 
   "g": {
      "width": 0.691, 
      "height": 0.9299999999999999
   }, 
   "h": {
      "width": 0.756, 
      "height": 0.87
   }, 
   "i": {
      "width": 0.45399999999999996, 
      "height": 0.88
   }, 
   "j": {
      "width": 0.45199999999999996, 
      "height": 1.11
   }, 
   "k": {
      "width": 0.701, 
      "height": 0.86
   }, 
   "l": {
      "width": 0.45399999999999996, 
      "height": 0.87
   }, 
   "m": {
      "width": 1.069, 
      "height": 0.66
   }, 
   "n": {
      "width": 0.772, 
      "height": 0.66
   }, 
   "o": {
      "width": 0.718, 
      "height": 0.66
   }, 
   "p": {
      "width": 0.726, 
      "height": 0.89
   }, 
   "q": {
      "width": 0.731, 
      "height": 0.89
   }, 
   "r": {
      "width": 0.652, 
      "height": 0.65
   }, 
   "s": {
      "width": 0.614, 
      "height": 0.66
   }, 
   "t": {
      "width": 0.518, 
      "height": 0.77
   }, 
   "u": {
      "width": 0.773, 
      "height": 0.65
   }, 
   "v": {
      "width": 0.6859999999999999, 
      "height": 0.66
   }, 
   "w": {
      "width": 0.975, 
      "height": 0.66
   }, 
   "x": {
      "width": 0.707, 
      "height": 0.64
   }, 
   "y": {
      "width": 0.703, 
      "height": 0.89
   }, 
   "z": {
      "width": 0.658, 
      "height": 0.64
   }, 
   "{": {
      "width": 0.551, 
      "height": 0.99
   }, 
   "|": {
      "width": 0.659, 
      "height": 1.1
   }, 
   "}": {
      "width": 0.548, 
      "height": 1.0
   }, 
   "~": {
      "width": 0.659, 
      "height": 0.56
   }, 
   "\u00a1": {
      "width": 0.495, 
      "height": 0.83
   }, 
   "\u00a2": {
      "width": 0.661, 
      "height": 0.82
   }, 
   "\u00a3": {
      "width": 0.6629999999999999, 
      "height": 0.84
   }, 
   "\u00a4": {
      "width": 0.659, 
      "height": 0.6799999999999999
   }, 
   "\u00a5": {
      "width": 0.6679999999999999, 
      "height": 0.82
   }, 
   "\u00a6": {
      "width": 0.659, 
      "height": 1.1
   }, 
   "\u00a7": {
      "width": 0.645, 
      "height": 0.98
   }, 
   "\u00a8": {
      "width": 0.6769999999999999, 
      "height": 0.87
   }, 
   "\u00a9": {
      "width": 0.945, 
      "height": 0.84
   }, 
   "\u00aa": {
      "width": 0.536, 
      "height": 0.82
   }, 
   "\u00ab": {
      "width": 0.654, 
      "height": 0.57
   }, 
   "\u00ac": {
      "width": 0.659, 
      "height": 0.5
   }, 
   "\u00ad": {
      "width": 0.1, 
      "height": 0.1
   }, 
   "\u00ae": {
      "width": 0.945, 
      "height": 0.84
   }, 
   "\u00af": {
      "width": 0.572, 
      "height": 0.9199999999999999
   }, 
   "\u00b0": {
      "width": 0.504, 
      "height": 0.83
   }, 
   "\u00b1": {
      "width": 0.659, 
      "height": 0.6799999999999999
   }, 
   "\u00b2": {
      "width": 0.504, 
      "height": 0.9299999999999999
   }, 
   "\u00b3": {
      "width": 0.504, 
      "height": 0.9299999999999999
   }, 
   "\u00b4": {
      "width": 0.43300000000000005, 
      "height": 0.87
   }, 
   "\u00b5": {
      "width": 0.778, 
      "height": 0.88
   }, 
   "\u00b6": {
      "width": 0.727, 
      "height": 0.98
   }, 
   "\u00b7": {
      "width": 0.404, 
      "height": 0.54
   }, 
   "\u00b8": {
      "width": 0.43300000000000005, 
      "height": 0.35
   }, 
   "\u00b9": {
      "width": 0.5,